<?xml version="1.0" encoding="UTF-8"?>
<GenRun Id="synth_1" LaunchPart="xc7a35tcpg236-1" LaunchTime="1663705783">
  <File Type="PA-TCL" Name="xor_gate.tcl"/>
  <File Type="RDS-PROPCONSTRS" Name="xor_gate_drc_synth.rpt"/>
  <File Type="REPORTS-TCL" Name="xor_gate_reports.tcl"/>
  <File Type="RDS-RDS" Name="xor_gate.vds"/>
  <File Type="RDS-UTIL" Name="xor_gate_utilization_synth.rpt"/>
  <File Type="RDS-UTIL-PB" Name="xor_gate_utilization_synth.pb"/>
  <File Type="RDS-DCP" Name="xor_gate.dcp"/>
  <File Type="VDS-TIMINGSUMMARY" Name="xor_gate_timing_summary_synth.rpt"/>
  <File Type="VDS-TIMING-PB" Name="xor_gate_timing_summary_synth.pb"/>
  <FileSet Name="sources" Type="DesignSrcs" RelSrcDir="$PSRCDIR/sources_1">
    <Filter Type="Srcs"/>
    <File Path="$PSRCDIR/sources_1/new/xor_gate.vhd">
      <FileInfo>
        <Attr Name="ImportPath" Val="$PPRDIR/../Digital Design HW1/Digital Design HW1.srcs/sources_1/new/xor_gate.vhd"/>
        <Attr Name="ImportTime" Val="1663688596"/>
        <Attr Name="UsedIn" Val="synthesis"/>
        <Attr Name="UsedIn" Val="simulation"/>
      </FileInfo>
    </File>
    <Config>
      <Option Name="DesignMode" Val="RTL"/>
      <Option Name="TopModule" Val="xor_gate"/>
      <Option Name="TopAutoSet" Val="TRUE"/>
    </Config>
  </FileSet>
  <FileSet Name="constrs_in" Type="Constrs" RelSrcDir="$PSRCDIR/constrs_1">
    <Filter Type="Constrs"/>
    <File Path="$PSRCDIR/constrs_1/new/Basys3.xdc">
      <FileInfo>
        <Attr Name="ImportPath" Val="$PPRDIR/../vivado-or-gate-main/or_gate.srcs/constrs_1/new/Basys3.xdc"/>
        <Attr Name="ImportTime" Val="1662935185"/>
        <Attr Name="UsedIn" Val="synthesis"/>
        <Attr Name="UsedIn" Val="implementation"/>
      </FileInfo>
    </File>
    <Config>
      <Option Name="ConstrsType" Val="XDC"/>
    </Config>
  </FileSet>
  <FileSet Name="utils" Type="Utils" RelSrcDir="$PSRCDIR/utils_1">
    <Filter Type="Utils"/>
    <Config>
      <Option Name="TopAutoSet" Val="TRUE"/>
    </Config>
  </FileSet>
  <Strategy Version="1" Minor="2">
    <StratHandle Name="Vivado Synthesis Defaults" Flow="Vivado Synthesis 2019"/>
    <Step Id="synth_design"/>
  </Strategy>
</GenRun>
